-- phpMyAdmin SQL Dump
-- version 4.5.1
-- http://www.phpmyadmin.net
--
-- Host: 127.0.0.1
-- Generation Time: Jun 17, 2018 at 04:20 PM
-- Server version: 10.1.16-MariaDB
-- PHP Version: 7.0.9

SET SQL_MODE = "NO_AUTO_VALUE_ON_ZERO";
SET time_zone = "+00:00";


/*!40101 SET @OLD_CHARACTER_SET_CLIENT=@@CHARACTER_SET_CLIENT */;
/*!40101 SET @OLD_CHARACTER_SET_RESULTS=@@CHARACTER_SET_RESULTS */;
/*!40101 SET @OLD_COLLATION_CONNECTION=@@COLLATION_CONNECTION */;
/*!40101 SET NAMES utf8mb4 */;

--
-- Database: `green_house`
--

-- --------------------------------------------------------

--
-- Table structure for table `commands`
--

CREATE TABLE `commands` (
  `com_id` int(11) NOT NULL,
  `dev_id` int(11) NOT NULL,
  `user_id` int(11) NOT NULL,
  `command` varchar(255) COLLATE utf8_unicode_ci NOT NULL,
  `timestamp` timestamp NOT NULL DEFAULT CURRENT_TIMESTAMP ON UPDATE CURRENT_TIMESTAMP
) ENGINE=InnoDB DEFAULT CHARSET=utf8 COLLATE=utf8_unicode_ci;

--
-- Dumping data for table `commands`
--

INSERT INTO `commands` (`com_id`, `dev_id`, `user_id`, `command`, `timestamp`) VALUES
(1, 13, 6, '56 ew', '2018-06-02 04:24:59'),
(2, 6, 4, '79 oo', '2018-06-02 04:24:59'),
(3, 19, 17, '87 rw', '2018-06-02 04:24:59'),
(4, 13, 19, '48 zt', '2018-06-02 04:24:59'),
(5, 19, 16, '22 cs', '2018-06-02 04:24:59'),
(6, 2, 10, '97 fz', '2018-06-02 04:24:59'),
(7, 7, 5, '86 lj', '2018-06-02 04:24:59'),
(8, 19, 5, '71 an', '2018-06-02 04:24:59'),
(9, 17, 15, '54 dn', '2018-06-02 04:24:59'),
(10, 9, 5, '23 yt', '2018-06-02 04:24:59'),
(11, 15, 15, '35 vp', '2018-06-02 04:24:59'),
(12, 8, 11, '79 yb', '2018-06-02 04:24:59'),
(13, 12, 2, '26 ay', '2018-06-02 04:24:59'),
(14, 9, 5, '95 ol', '2018-06-02 04:24:59'),
(15, 5, 10, '00 ky', '2018-06-02 04:24:59'),
(16, 18, 6, '30 fj', '2018-06-02 04:24:59'),
(17, 1, 18, '53 lk', '2018-06-02 04:24:59'),
(18, 13, 6, '55 mu', '2018-06-02 04:24:59'),
(19, 16, 17, '79 qw', '2018-06-02 04:24:59'),
(20, 18, 4, '98 zp', '2018-06-02 04:24:59'),
(21, 6, 10, '61 wx', '2018-06-02 04:24:59'),
(22, 16, 16, '69 ii', '2018-06-02 04:24:59'),
(23, 8, 5, '08 gh', '2018-06-02 04:24:59'),
(24, 11, 14, '15 gj', '2018-06-02 04:24:59'),
(25, 14, 8, '87 cm', '2018-06-02 04:24:59'),
(26, 3, 1, '63 dc', '2018-06-02 04:24:59'),
(27, 4, 13, '87 py', '2018-06-02 04:24:59'),
(28, 19, 10, '26 ga', '2018-06-02 04:24:59'),
(29, 16, 18, '27 nm', '2018-06-02 04:24:59'),
(30, 8, 11, '76 fk', '2018-06-02 04:24:59'),
(31, 12, 19, '86 cn', '2018-06-02 04:24:59'),
(32, 1, 3, '28 zk', '2018-06-02 04:24:59'),
(33, 5, 5, '74 gl', '2018-06-02 04:24:59'),
(34, 13, 11, '82 xl', '2018-06-02 04:24:59'),
(35, 11, 13, '78 hv', '2018-06-02 04:24:59'),
(36, 8, 14, '30 zu', '2018-06-02 04:24:59'),
(37, 4, 8, '91 fk', '2018-06-02 04:24:59'),
(38, 10, 18, '75 ob', '2018-06-02 04:24:59'),
(39, 6, 10, '36 ys', '2018-06-02 04:24:59'),
(40, 19, 11, '01 ba', '2018-06-02 04:24:59'),
(41, 3, 9, '14 gb', '2018-06-02 04:24:59'),
(42, 20, 20, '35 zc', '2018-06-02 04:24:59'),
(43, 11, 3, '47 af', '2018-06-02 04:24:59'),
(44, 13, 15, '90 dc', '2018-06-02 04:24:59'),
(45, 17, 4, '89 po', '2018-06-02 04:24:59'),
(46, 18, 8, '15 mq', '2018-06-02 04:24:59'),
(47, 15, 20, '80 as', '2018-06-02 04:24:59'),
(48, 10, 19, '75 mc', '2018-06-02 04:24:59'),
(49, 18, 19, '27 py', '2018-06-02 04:24:59'),
(50, 13, 6, '90 vw', '2018-06-02 04:24:59'),
(51, 20, 3, '66 xa', '2018-06-02 04:24:59'),
(52, 14, 14, '44 dd', '2018-06-02 04:24:59'),
(53, 10, 8, '07 eh', '2018-06-02 04:24:59'),
(54, 19, 2, '54 gn', '2018-06-02 04:24:59'),
(55, 3, 2, '23 ds', '2018-06-02 04:24:59'),
(56, 6, 15, '27 ca', '2018-06-02 04:24:59'),
(57, 19, 5, '81 nq', '2018-06-02 04:24:59'),
(58, 16, 12, '84 hs', '2018-06-02 04:24:59'),
(59, 9, 3, '70 mn', '2018-06-02 04:24:59'),
(60, 2, 6, '23 nd', '2018-06-02 04:24:59'),
(61, 2, 11, '56 qn', '2018-06-02 04:24:59'),
(62, 16, 8, '14 pr', '2018-06-02 04:24:59'),
(63, 19, 3, '45 uy', '2018-06-02 04:24:59'),
(64, 2, 15, '45 qg', '2018-06-02 04:24:59'),
(65, 15, 14, '15 kc', '2018-06-02 04:24:59'),
(66, 17, 13, '71 om', '2018-06-02 04:24:59'),
(67, 5, 18, '03 rf', '2018-06-02 04:24:59'),
(68, 9, 7, '44 vf', '2018-06-02 04:24:59'),
(69, 2, 18, '81 ev', '2018-06-02 04:24:59'),
(70, 13, 3, '96 sz', '2018-06-02 04:24:59'),
(71, 14, 1, '05 fl', '2018-06-02 04:24:59'),
(72, 3, 10, '98 fy', '2018-06-02 04:24:59'),
(73, 2, 12, '37 mf', '2018-06-02 04:24:59'),
(74, 11, 12, '29 ew', '2018-06-02 04:24:59'),
(75, 16, 6, '84 ox', '2018-06-02 04:24:59'),
(76, 3, 20, '22 dz', '2018-06-02 04:24:59'),
(77, 5, 11, '41 tk', '2018-06-02 04:24:59'),
(78, 9, 7, '00 mv', '2018-06-02 04:24:59'),
(79, 16, 13, '11 ju', '2018-06-02 04:24:59'),
(80, 15, 15, '84 tt', '2018-06-02 04:24:59'),
(81, 9, 1, '52 la', '2018-06-02 04:24:59'),
(82, 12, 3, '31 wz', '2018-06-02 04:24:59'),
(83, 14, 14, '61 ce', '2018-06-02 04:24:59'),
(84, 13, 4, '00 vp', '2018-06-02 04:24:59'),
(85, 19, 17, '05 py', '2018-06-02 04:24:59'),
(86, 9, 10, '79 cx', '2018-06-02 04:24:59'),
(87, 3, 4, '50 yg', '2018-06-02 04:24:59'),
(88, 14, 3, '35 xq', '2018-06-02 04:24:59'),
(89, 8, 19, '66 ox', '2018-06-02 04:24:59'),
(90, 8, 9, '72 hk', '2018-06-02 04:24:59'),
(91, 18, 12, '13 xf', '2018-06-02 04:24:59'),
(92, 12, 2, '13 zs', '2018-06-02 04:24:59'),
(93, 4, 15, '60 pq', '2018-06-02 04:24:59'),
(94, 12, 17, '28 ia', '2018-06-02 04:24:59'),
(95, 12, 9, '14 nn', '2018-06-02 04:24:59'),
(96, 19, 15, '33 eb', '2018-06-02 04:24:59'),
(97, 10, 18, '17 bq', '2018-06-02 04:24:59'),
(98, 5, 8, '24 cg', '2018-06-02 04:24:59'),
(99, 20, 6, '76 tt', '2018-06-02 04:24:59'),
(100, 20, 2, '29 bo', '2018-06-02 04:24:59');

-- --------------------------------------------------------

--
-- Table structure for table `data`
--

CREATE TABLE `data` (
  `dat_id` int(11) NOT NULL,
  `dev_id` int(11) NOT NULL,
  `date` date NOT NULL,
  `time` time NOT NULL,
  `temperature` varchar(45) COLLATE utf8_unicode_ci DEFAULT NULL,
  `light` varchar(45) COLLATE utf8_unicode_ci DEFAULT NULL,
  `humidity` varchar(45) COLLATE utf8_unicode_ci DEFAULT NULL,
  `pressure` varchar(45) COLLATE utf8_unicode_ci DEFAULT NULL,
  `ph` varchar(45) COLLATE utf8_unicode_ci DEFAULT NULL,
  `soil_moisture` varchar(45) COLLATE utf8_unicode_ci DEFAULT NULL,
  `dat_logtime` timestamp NOT NULL DEFAULT CURRENT_TIMESTAMP ON UPDATE CURRENT_TIMESTAMP
) ENGINE=InnoDB DEFAULT CHARSET=utf8 COLLATE=utf8_unicode_ci;

--
-- Dumping data for table `data`
--

INSERT INTO `data` (`dat_id`, `dev_id`, `date`, `time`, `temperature`, `light`, `humidity`, `pressure`, `ph`, `soil_moisture`, `dat_logtime`) VALUES
(1, 10, '2018-06-17', '19:35:59', '33', '26', '81', '97', '25', '14', '2018-06-17 14:05:59'),
(2, 18, '2018-06-17', '19:35:53', '37', '92', '90', '79', '33', '85', '2018-06-17 14:05:53'),
(3, 4, '2018-06-17', '19:34:30', '30', '37', '71', '28', '56', '100', '2018-06-17 14:04:30'),
(4, 2, '2018-06-17', '19:34:11', '32', '60', '21', '26', '98', '60', '2018-06-17 14:04:11'),
(5, 18, '2018-06-17', '19:36:02', '39', '80', '52', '86', '71', '52', '2018-06-17 14:06:02'),
(6, 17, '2018-06-17', '19:34:30', '32', '26', '92', '29', '19', '2', '2018-06-17 14:04:30'),
(7, 14, '2018-06-17', '19:36:17', '36', '6', '93', '49', '38', '83', '2018-06-17 14:06:17'),
(8, 13, '2018-06-17', '19:36:21', '34', '58', '76', '37', '3', '35', '2018-06-17 14:06:21'),
(9, 4, '2018-06-17', '19:35:04', '30', '86', '47', '94', '28', '29', '2018-06-17 14:05:04'),
(10, 11, '2018-06-17', '19:35:00', '39', '61', '12', '1', '58', '26', '2018-06-17 14:05:00'),
(11, 3, '2018-06-17', '19:34:21', '31', '25', '31', '65', '43', '17', '2018-06-17 14:04:21'),
(12, 10, '2018-06-17', '19:35:20', '39', '31', '25', '32', '13', '43', '2018-06-17 14:05:20'),
(13, 17, '2018-06-17', '19:35:03', '32', '52', '58', '63', '17', '98', '2018-06-17 14:05:03'),
(14, 16, '2018-06-17', '19:37:14', '37', '73', '16', '58', '23', '28', '2018-06-17 14:07:14'),
(15, 11, '2018-06-17', '19:36:15', '31', '74', '13', '35', '47', '70', '2018-06-17 14:06:15'),
(16, 17, '2018-06-17', '19:36:30', '36', '22', '8', '11', '30', '27', '2018-06-17 14:06:30'),
(17, 18, '2018-06-17', '19:36:39', '35', '24', '34', '91', '73', '21', '2018-06-17 14:06:39'),
(18, 9, '2018-06-17', '19:36:56', '38', '48', '87', '80', '62', '3', '2018-06-17 14:06:56'),
(19, 3, '2018-06-17', '19:34:53', '31', '45', '52', '80', '88', '17', '2018-06-17 14:04:53'),
(20, 4, '2018-06-17', '19:35:14', '36', '94', '1', '24', '77', '37', '2018-06-17 14:05:14'),
(21, 1, '2018-06-17', '19:35:13', '32', '48', '24', '32', '1', '33', '2018-06-17 14:05:13'),
(22, 12, '2018-06-17', '19:33:57', '32', '47', '66', '39', '90', '100', '2018-06-17 14:03:57'),
(23, 9, '2018-06-17', '19:34:43', '35', '61', '62', '98', '3', '64', '2018-06-17 14:04:43'),
(24, 6, '2018-06-17', '19:36:35', '37', '25', '46', '81', '37', '23', '2018-06-17 14:06:35'),
(25, 4, '2018-06-17', '19:33:59', '37', '77', '11', '55', '29', '71', '2018-06-17 14:03:59'),
(26, 19, '2018-06-17', '19:37:15', '34', '16', '39', '94', '4', '22', '2018-06-17 14:07:15'),
(27, 13, '2018-06-17', '19:35:09', '33', '30', '75', '49', '26', '73', '2018-06-17 14:05:09'),
(28, 3, '2018-06-17', '19:37:04', '34', '69', '42', '17', '22', '67', '2018-06-17 14:07:04'),
(29, 15, '2018-06-17', '19:37:26', '35', '1', '41', '41', '8', '47', '2018-06-17 14:07:26'),
(30, 1, '2018-06-17', '19:37:02', '34', '67', '86', '18', '58', '27', '2018-06-17 14:07:02'),
(31, 14, '2018-06-17', '19:33:46', '33', '39', '86', '27', '50', '81', '2018-06-17 14:03:46'),
(32, 20, '2018-06-17', '19:35:23', '39', '39', '5', '33', '21', '74', '2018-06-17 14:05:23'),
(33, 17, '2018-06-17', '19:35:06', '39', '77', '98', '16', '83', '60', '2018-06-17 14:05:06'),
(34, 15, '2018-06-17', '19:35:15', '33', '87', '92', '77', '94', '7', '2018-06-17 14:05:15'),
(35, 5, '2018-06-17', '19:34:34', '38', '82', '19', '29', '14', '35', '2018-06-17 14:04:34'),
(36, 7, '2018-06-17', '19:36:11', '34', '88', '34', '51', '6', '6', '2018-06-17 14:06:11'),
(37, 11, '2018-06-17', '19:36:27', '31', '52', '93', '78', '56', '10', '2018-06-17 14:06:27'),
(38, 1, '2018-06-17', '19:37:04', '35', '72', '80', '18', '4', '88', '2018-06-17 14:07:04'),
(39, 6, '2018-06-17', '19:35:25', '38', '84', '73', '23', '94', '49', '2018-06-17 14:05:25'),
(40, 7, '2018-06-17', '19:34:31', '36', '54', '18', '49', '89', '37', '2018-06-17 14:04:31'),
(41, 5, '2018-06-17', '19:33:56', '34', '96', '4', '64', '79', '55', '2018-06-17 14:03:56'),
(42, 10, '2018-06-17', '19:37:08', '36', '84', '77', '18', '14', '68', '2018-06-17 14:07:08'),
(43, 6, '2018-06-17', '19:34:11', '34', '62', '67', '19', '75', '43', '2018-06-17 14:04:11'),
(44, 1, '2018-06-17', '19:33:39', '30', '2', '7', '45', '27', '48', '2018-06-17 14:03:39'),
(45, 7, '2018-06-17', '19:36:00', '30', '30', '4', '43', '78', '11', '2018-06-17 14:06:00'),
(46, 16, '2018-06-17', '19:34:43', '36', '1', '48', '3', '98', '39', '2018-06-17 14:04:43'),
(47, 1, '2018-06-17', '19:37:15', '33', '21', '58', '56', '22', '38', '2018-06-17 14:07:15'),
(48, 12, '2018-06-17', '19:36:44', '34', '74', '83', '2', '94', '59', '2018-06-17 14:06:44'),
(49, 11, '2018-06-17', '19:36:51', '35', '37', '13', '46', '27', '80', '2018-06-17 14:06:51'),
(50, 6, '2018-06-17', '19:34:34', '30', '23', '30', '22', '47', '10', '2018-06-17 14:04:34'),
(51, 19, '2018-06-17', '19:36:20', '33', '46', '64', '71', '41', '65', '2018-06-17 14:06:20'),
(52, 1, '2018-06-17', '19:33:46', '32', '66', '90', '13', '89', '96', '2018-06-17 14:03:46'),
(53, 11, '2018-06-17', '19:35:24', '36', '56', '96', '82', '1', '30', '2018-06-17 14:05:24'),
(54, 3, '2018-06-17', '19:36:51', '38', '17', '12', '63', '8', '70', '2018-06-17 14:06:51'),
(55, 12, '2018-06-17', '19:37:18', '36', '90', '4', '34', '12', '10', '2018-06-17 14:07:18'),
(56, 4, '2018-06-17', '19:35:02', '33', '94', '57', '34', '5', '70', '2018-06-17 14:05:02'),
(57, 12, '2018-06-17', '19:33:54', '31', '56', '16', '18', '93', '49', '2018-06-17 14:03:54'),
(58, 5, '2018-06-17', '19:35:52', '30', '5', '2', '28', '82', '80', '2018-06-17 14:05:52'),
(59, 11, '2018-06-17', '19:35:14', '31', '61', '51', '87', '68', '4', '2018-06-17 14:05:14'),
(60, 10, '2018-06-17', '19:35:04', '36', '47', '69', '92', '29', '50', '2018-06-17 14:05:04'),
(61, 20, '2018-06-17', '19:36:05', '37', '34', '45', '24', '79', '71', '2018-06-17 14:06:05'),
(62, 14, '2018-06-17', '19:37:10', '34', '41', '39', '95', '31', '20', '2018-06-17 14:07:10'),
(63, 11, '2018-06-17', '19:37:09', '35', '89', '90', '78', '2', '25', '2018-06-17 14:07:09'),
(64, 19, '2018-06-17', '19:36:22', '37', '7', '40', '13', '19', '15', '2018-06-17 14:06:22'),
(65, 11, '2018-06-17', '19:34:24', '36', '64', '77', '92', '90', '59', '2018-06-17 14:04:24'),
(66, 5, '2018-06-17', '19:34:11', '37', '7', '34', '31', '51', '6', '2018-06-17 14:04:11'),
(67, 8, '2018-06-17', '19:36:00', '38', '23', '99', '29', '64', '84', '2018-06-17 14:06:00'),
(68, 15, '2018-06-17', '19:34:37', '33', '81', '66', '76', '30', '31', '2018-06-17 14:04:37'),
(69, 20, '2018-06-17', '19:34:52', '32', '88', '68', '37', '25', '84', '2018-06-17 14:04:52'),
(70, 9, '2018-06-17', '19:36:27', '39', '68', '28', '60', '62', '56', '2018-06-17 14:06:27'),
(71, 18, '2018-06-17', '19:33:48', '33', '55', '33', '26', '72', '98', '2018-06-17 14:03:48'),
(72, 13, '2018-06-17', '19:34:47', '37', '5', '45', '76', '49', '43', '2018-06-17 14:04:47'),
(73, 1, '2018-06-17', '19:33:41', '36', '37', '60', '85', '44', '31', '2018-06-17 14:03:41'),
(74, 5, '2018-06-17', '19:36:17', '37', '67', '22', '68', '15', '95', '2018-06-17 14:06:17'),
(75, 7, '2018-06-17', '19:37:17', '30', '99', '57', '81', '59', '72', '2018-06-17 14:07:17'),
(76, 14, '2018-06-17', '19:37:18', '33', '99', '66', '12', '86', '66', '2018-06-17 14:07:18'),
(77, 19, '2018-06-17', '19:36:25', '37', '91', '8', '5', '52', '90', '2018-06-17 14:06:25'),
(78, 17, '2018-06-17', '19:33:39', '36', '42', '73', '54', '40', '7', '2018-06-17 14:03:39'),
(79, 9, '2018-06-17', '19:37:02', '38', '3', '84', '25', '18', '43', '2018-06-17 14:07:02'),
(80, 19, '2018-06-17', '19:34:26', '35', '29', '17', '70', '75', '60', '2018-06-17 14:04:26'),
(81, 6, '2018-06-17', '19:35:09', '32', '62', '73', '80', '62', '58', '2018-06-17 14:05:09'),
(82, 3, '2018-06-17', '19:35:23', '37', '29', '2', '72', '1', '43', '2018-06-17 14:05:23'),
(83, 2, '2018-06-17', '19:37:33', '31', '55', '13', '83', '33', '52', '2018-06-17 14:07:33'),
(84, 6, '2018-06-17', '19:36:10', '30', '71', '71', '25', '48', '62', '2018-06-17 14:06:10'),
(85, 8, '2018-06-17', '19:37:11', '38', '58', '65', '78', '81', '9', '2018-06-17 14:07:11'),
(86, 16, '2018-06-17', '19:35:52', '34', '4', '14', '99', '6', '22', '2018-06-17 14:05:52'),
(87, 8, '2018-06-17', '19:36:07', '36', '83', '96', '46', '19', '58', '2018-06-17 14:06:07'),
(88, 4, '2018-06-17', '19:34:07', '31', '66', '63', '71', '72', '46', '2018-06-17 14:04:07'),
(89, 10, '2018-06-17', '19:35:34', '36', '26', '39', '16', '16', '49', '2018-06-17 14:05:34'),
(90, 1, '2018-06-17', '19:34:02', '34', '84', '4', '8', '57', '40', '2018-06-17 14:04:02'),
(91, 20, '2018-06-17', '19:34:20', '38', '82', '90', '63', '98', '56', '2018-06-17 14:04:20'),
(92, 15, '2018-06-17', '19:34:49', '36', '88', '43', '7', '88', '46', '2018-06-17 14:04:49'),
(93, 8, '2018-06-17', '19:37:13', '31', '72', '22', '57', '21', '38', '2018-06-17 14:07:13'),
(94, 6, '2018-06-17', '19:34:14', '32', '46', '64', '53', '21', '13', '2018-06-17 14:04:14'),
(95, 6, '2018-06-17', '19:33:55', '37', '18', '66', '9', '60', '80', '2018-06-17 14:03:55'),
(96, 8, '2018-06-17', '19:36:01', '30', '83', '68', '88', '34', '76', '2018-06-17 14:06:01'),
(97, 13, '2018-06-17', '19:33:59', '31', '54', '18', '25', '57', '48', '2018-06-17 14:03:59'),
(98, 9, '2018-06-17', '19:36:58', '34', '24', '59', '16', '14', '61', '2018-06-17 14:06:58'),
(99, 1, '2018-06-17', '19:37:02', '31', '47', '35', '82', '60', '89', '2018-06-17 14:07:02'),
(100, 11, '2018-06-17', '19:35:52', '31', '63', '95', '44', '43', '99', '2018-06-17 14:05:52'),
(101, 1, '2018-06-17', '19:35:14', '31', '23', '45', '56', '34', '45', '2018-06-17 14:05:14'),
(120, 1, '2018-06-17', '19:35:46', '38', '56', '23', '45', '67', '34', '2018-06-17 14:05:46');

-- --------------------------------------------------------

--
-- Table structure for table `devices`
--

CREATE TABLE `devices` (
  `dev_id` int(11) NOT NULL,
  `gh_id` int(11) NOT NULL,
  `dt_id` int(11) NOT NULL,
  `ip_addr` varchar(45) COLLATE utf8_unicode_ci NOT NULL,
  `Description` varchar(255) COLLATE utf8_unicode_ci DEFAULT NULL,
  `timestamp` timestamp NOT NULL DEFAULT CURRENT_TIMESTAMP ON UPDATE CURRENT_TIMESTAMP
) ENGINE=InnoDB DEFAULT CHARSET=utf8 COLLATE=utf8_unicode_ci;

--
-- Dumping data for table `devices`
--

INSERT INTO `devices` (`dev_id`, `gh_id`, `dt_id`, `ip_addr`, `Description`, `timestamp`) VALUES
(1, 9, 1, '175.175.175.175', NULL, '2018-06-02 04:25:45'),
(2, 3, 1, '185.105.232.149', NULL, '2018-06-02 04:25:45'),
(3, 10, 2, '21.13.79.20', NULL, '2018-06-02 04:25:45'),
(4, 2, 2, '245.224.159.214', NULL, '2018-06-02 04:25:45'),
(5, 9, 2, '129.108.177.204', NULL, '2018-06-02 04:25:45'),
(6, 7, 1, '197.146.201.188', NULL, '2018-06-02 04:25:45'),
(7, 2, 1, '236.165.38.198', NULL, '2018-06-02 04:25:45'),
(8, 8, 2, '112.95.9.245', NULL, '2018-06-02 04:25:45'),
(9, 3, 1, '93.98.236.58', NULL, '2018-06-02 04:25:45'),
(10, 5, 2, '15.216.69.91', NULL, '2018-06-02 04:25:45'),
(11, 1, 2, '118.80.122.106', NULL, '2018-06-02 04:25:45'),
(12, 4, 2, '8.226.27.63', NULL, '2018-06-02 04:25:45'),
(13, 4, 1, '153.216.62.31', NULL, '2018-06-02 04:25:45'),
(14, 10, 2, '46.0.230.8', NULL, '2018-06-02 04:25:45'),
(15, 1, 1, '173.53.33.101', NULL, '2018-06-02 04:25:45'),
(16, 7, 2, '46.196.3.112', NULL, '2018-06-02 04:25:45'),
(17, 10, 2, '128.130.153.250', NULL, '2018-06-02 04:25:45'),
(18, 2, 2, '133.195.214.179', NULL, '2018-06-02 04:25:45'),
(19, 6, 1, '9.114.123.70', NULL, '2018-06-02 04:25:45'),
(20, 6, 1, '182.206.112.121', NULL, '2018-06-02 04:25:45'),
(23, 18, 1, '123.123.121.212', 'Temperature, Light, Humidity', '2018-06-02 13:45:33'),
(24, 18, 1, '198.168.008.003', 'Temperature, Light, Humidity', '2018-06-02 13:45:33'),
(25, 19, 1, '192.168.008.001', 'Temperature, Light, Humidity', '2018-06-08 09:00:50'),
(26, 20, 1, '192.168.8.1', 'Temperature, Light, Humidity', '2018-06-08 09:08:14'),
(27, 20, 2, '192.168.8.2', 'Temperature, Light, Humidity', '2018-06-08 09:08:14'),
(28, 21, 1, '192.168.1.5', 'Temperature, Light, Humidity, PH, Pressure, Soil Moisture', '2018-06-08 09:31:40');

-- --------------------------------------------------------

--
-- Table structure for table `device_type`
--

CREATE TABLE `device_type` (
  `dt_id` int(11) NOT NULL,
  `type` varchar(100) COLLATE utf8_unicode_ci NOT NULL,
  `timestamp` timestamp NOT NULL DEFAULT CURRENT_TIMESTAMP ON UPDATE CURRENT_TIMESTAMP
) ENGINE=InnoDB DEFAULT CHARSET=utf8 COLLATE=utf8_unicode_ci;

--
-- Dumping data for table `device_type`
--

INSERT INTO `device_type` (`dt_id`, `type`, `timestamp`) VALUES
(1, 'Node', '0000-00-00 00:00:00'),
(2, 'Controller', '0000-00-00 00:00:00');

-- --------------------------------------------------------

--
-- Table structure for table `greenhouse`
--

CREATE TABLE `greenhouse` (
  `gh_id` int(11) NOT NULL,
  `name` varchar(255) COLLATE utf8_unicode_ci NOT NULL,
  `latitude` decimal(10,8) DEFAULT NULL,
  `longitude` decimal(10,8) DEFAULT NULL,
  `timestamp` timestamp NOT NULL DEFAULT CURRENT_TIMESTAMP ON UPDATE CURRENT_TIMESTAMP
) ENGINE=InnoDB DEFAULT CHARSET=utf8 COLLATE=utf8_unicode_ci;

--
-- Dumping data for table `greenhouse`
--

INSERT INTO `greenhouse` (`gh_id`, `name`, `latitude`, `longitude`, `timestamp`) VALUES
(1, 'enim', '-88.59368600', '-99.99999999', '2018-06-02 04:27:08'),
(2, 'autem', '-55.73339700', '99.99999999', '2018-06-02 04:27:08'),
(3, 'non', '-18.41606600', '-9.11092800', '2018-06-02 04:27:08'),
(4, 'quil', '44.74499800', '99.99999999', '2018-06-02 04:27:08'),
(5, 'est', '-61.89359400', '99.99999999', '2018-06-02 04:27:08'),
(6, 'estf', '53.32718300', '11.70320800', '2018-06-02 04:27:08'),
(7, 'qui', '-77.94506200', '-41.37772900', '2018-06-02 04:27:08'),
(8, 'aut', '2.21965700', '-99.99999999', '2018-06-02 04:27:08'),
(9, 'nam', '-43.04124200', '-81.08288600', '2018-06-02 04:27:08'),
(10, 'et', '-4.58576300', '-12.46479000', '2018-06-02 04:27:08'),
(18, 'gh1', '0.00000000', '0.00000000', '2018-06-02 13:45:33'),
(19, 'GH2', '0.00000000', '0.00000000', '2018-06-08 09:00:50'),
(20, 'GH3', '0.00000000', '0.00000000', '2018-06-08 09:08:14'),
(21, 'GH4', '0.00000000', '0.00000000', '2018-06-08 09:31:40');

-- --------------------------------------------------------

--
-- Table structure for table `users`
--

CREATE TABLE `users` (
  `user_id` int(11) NOT NULL,
  `email` varchar(150) COLLATE utf8_unicode_ci NOT NULL,
  `password` varchar(255) COLLATE utf8_unicode_ci NOT NULL,
  `id` varchar(20) COLLATE utf8_unicode_ci DEFAULT NULL,
  `used` tinyint(1) DEFAULT NULL,
  `altpassword` varchar(255) COLLATE utf8_unicode_ci DEFAULT NULL,
  `admin` tinyint(1) DEFAULT NULL,
  `timestamp` timestamp NOT NULL DEFAULT CURRENT_TIMESTAMP ON UPDATE CURRENT_TIMESTAMP
) ENGINE=InnoDB DEFAULT CHARSET=utf8 COLLATE=utf8_unicode_ci;

--
-- Dumping data for table `users`
--

INSERT INTO `users` (`user_id`, `email`, `password`, `id`, `used`, `altpassword`, `admin`, `timestamp`) VALUES
(1, 'cartwright.ara@example.net', '8f6ba3c758569abada112ea03a84f38b94bebc0d', '21 py', 0, '5e237490d3813777228bfeb377194db535883dae', 1, '2018-06-02 04:29:35'),
(2, 'cleo.goodwin@example.org', 'd56124081c96f75f8032dbeed6f0df842bad761a', '49 qd', 0, '1e3d6aac1e5a1be742f12d3cde6e1dc6e7593ab1', 1, '2018-06-02 04:29:35'),
(3, 'cristobal.nolan@example.org', '9e22860bdbbd1c1dcf5c7d1db755a7105b730169', '66 su', 0, '935eb9c4ae26da31bc6ce29430d2a99032033762', 1, '2018-06-02 04:29:35'),
(4, 'dmcclure@example.com', '932f06137a748d7d929cf2c61a249d3801b6e87d', '39 kt', 1, '9b2424b59b91584b6ff91c76888b67c023e0d423', 1, '2018-06-02 04:29:35'),
(5, 'elna91@example.net', '2dd7941826194108e7ccdd3e413b49a0dab50806', '42 cf', 0, '9f9d69b8f65f21e087375afef97d550e92aa9e12', 1, '2018-06-02 04:29:35'),
(6, 'fjones@example.com', '9de9a6d2637a0ec3540937f2394b9675da63522d', '89 he', 1, '4c8a83c7c8cebb9cdb0f355db5d7a09f8d3dc7f3', 0, '2018-06-02 04:29:35'),
(28, 'ghmanager@gmail.com', '2d54cf92708af50540c95e73b59e0a739760621c', 'x0MWbP0D98', 0, 'cc076b2c2625364f616a3816beea74f7dbf10de1', 0, '2018-06-12 03:25:43'),
(7, 'gilbert.kerluke@example.org', '76c7f990883f385bbaaa000e812762560dbbbe3e', '14 yg', 0, '879abe9719aa755176f6100b9f663e217ec2840a', 0, '2018-06-02 04:29:35'),
(8, 'gmurazik@example.org', '8e2f9b24518abdfae58dc7accd41fc6ea78638d9', '11 bn', 0, '3ffb2983d00e7381fd19370080e0fa63d136d039', 0, '2018-06-02 04:29:35'),
(26, 'greenhousemanager@gmail.com', '2d54cf92708af50540c95e73b59e0a739760621c', 'ABEaI6XR6r', 0, 'cf3c0173e7a784e323195972868f395f89ca559b', 0, '2018-06-12 03:21:36'),
(25, 'hasithalakmal684@gmail.com', '2d54cf92708af50540c95e73b59e0a739760621c', 'x6ezwaRJTo', 1, '1e770f93f2dd589b9be47a96d745510dfbbfa765', 0, '2018-06-02 04:29:35'),
(9, 'hintz.gage@example.net', '65836d8c5652c363c343f52cc324e798d559ff34', '00 iz', 0, '4bffe118d067d18c499176ae3a752a83e770f353', 0, '2018-06-02 04:29:35'),
(30, 'hlakmal77@gmail.com', '2d54cf92708af50540c95e73b59e0a739760621c', 'fsM1xWjAz9', 0, 'ZCVRxhC1vQ', 0, '2018-06-12 03:34:23'),
(10, 'jackson.wisoky@example.net', 'e760de0d1395fdbe61f9118f69e552f90121e510', '74 sk', 0, 'b954f9a5cfde4b638ed76c661940cf8debf5ea5d', 0, '2018-06-02 04:29:35'),
(11, 'johathan24@example.org', '516acedb0f76fffe7d9fb9b1c7ef473bdd4abd63', '57 ai', 0, 'c339359acd9b322e1171ca567b509b7efcaae5d6', 0, '2018-06-02 04:29:35'),
(12, 'kariane80@example.net', '5f9f85792767aad1dc272e976309bef891c90976', '55 bf', 0, '36cd9b550706552e7a398b9d1f89de7503b091e1', 1, '2018-06-02 04:29:35'),
(13, 'lysanne.hane@example.net', '07783abf25ab1c3c64d0e51d29a033968356cc1a', '20 fs', 1, '1be5ffb9a72378f94a67866cf824728ba189b8b2', 0, '2018-06-02 04:29:35'),
(14, 'malachi.kassulke@example.org', '12ba71e7371fb93eeea4f51341264469b5a4647b', '27 dj', 0, 'bc0a742b94f952d1048fdc517c09199d1ab533cd', 0, '2018-06-02 04:29:35'),
(15, 'okoch@example.net', '32fbe5c7f95d0e7c76106f19bae77090bdd03540', '49 gj', 1, '72f47645a0347602e6d99a565dba4c9980b29e60', 0, '2018-06-02 04:29:35'),
(16, 'quinn.wehner@example.com', 'd1fe8c56b944401b959f0214fb53a9a5c29c53fb', '14 al', 1, '8ee14d6fc7a34c4736a36a11a64923909e4c9ce9', 0, '2018-06-02 04:29:35'),
(17, 'roel.conroy@example.com', 'c315e8ce67acafe14dbacb66df62bf178e5e7b81', '33 we', 0, '23c0a3d826129db637f0331a9b0be7e1a0038dd5', 1, '2018-06-02 04:29:35'),
(18, 'ronaldo.marks@example.com', '28fa81b8865721b057490424fa58af203cc6d9dd', '07 jp', 0, '7e40cf10143ec0d74cebc698d16b3d14a2eb1891', 1, '2018-06-02 04:29:35'),
(19, 'tquitzon@example.org', 'b5e0d7db60390d3810a254b4ce9889d9f7231383', '36 ew', 0, '98631dc5803ea8672f143989216d772839c8c993', 0, '2018-06-02 04:29:35');

-- --------------------------------------------------------

--
-- Table structure for table `user_details`
--

CREATE TABLE `user_details` (
  `user_id` int(11) NOT NULL,
  `name` varchar(150) COLLATE utf8_unicode_ci NOT NULL DEFAULT 'NO_NAME',
  `address` varchar(255) COLLATE utf8_unicode_ci DEFAULT NULL,
  `telephone` varchar(15) COLLATE utf8_unicode_ci DEFAULT NULL,
  `timestamp` timestamp NOT NULL DEFAULT CURRENT_TIMESTAMP ON UPDATE CURRENT_TIMESTAMP
) ENGINE=InnoDB DEFAULT CHARSET=utf8 COLLATE=utf8_unicode_ci;

--
-- Dumping data for table `user_details`
--

INSERT INTO `user_details` (`user_id`, `name`, `address`, `telephone`, `timestamp`) VALUES
(1, 'Wyatt Homenick', '0886 Jessyca Lodge\nGrimesburgh, FL 97331-5852', '244.651.5105', '2018-06-02 04:29:54'),
(2, 'Ms. Noemy Schroeder', '104 Celine Courts Apt. 541\nNew Malika, IN 08870', '1-140-286-1939', '2018-06-02 04:29:54'),
(3, 'Turner Hickle MD', '003 Carter Mills Suite 715\nEast Abdullahbury, VT 03123', '+82(1)739726013', '2018-06-02 04:29:54'),
(4, 'Frida Marks', '16335 Douglas Spur Apt. 014\nNorth Anastacio, AR 97134-2339', '173-859-4522', '2018-06-02 04:29:54'),
(5, 'Craig Hand', '1683 Shanel Vista Apt. 802\nDiannahaven, WA 49355', '959.884.6825x02', '2018-06-02 04:29:54'),
(6, 'Gail Prosacco', '02619 Jeffery Harbor Suite 103\nAdrielmouth, MI 72796-0452', '579.564.1838x68', '2018-06-02 04:29:54'),
(7, 'Ms. Princess Wilderman Sr.', '32868 Cortez Ridges Apt. 805\nKonopelskibury, GA 08920', '01065618696', '2018-06-02 04:29:54'),
(8, 'Valentin Gleichner I', '16377 Schamberger Manor\nNew Abbieshire, NE 69339-2590', '00555192510', '2018-06-02 04:29:54'),
(9, 'Scottie Schmitt PhD', '678 Itzel Ways\nMattiehaven, CA 88151-9729', '1-103-168-5261x', '2018-06-02 04:29:54'),
(10, 'Darwin Kirlin', '086 Conor Landing Apt. 781\nBrandonborough, UT 27808', '300-637-2412x33', '2018-06-02 04:29:54'),
(11, 'Hertha Legros', '4394 Noelia Causeway Apt. 148\nKoeppborough, OK 18749', '(452)198-4580', '2018-06-02 04:29:54'),
(12, 'Miss Sarah Spinka', '210 Lynch Gardens Suite 446\nArnobury, MN 55126-5603', '07520429488', '2018-06-02 04:29:54'),
(13, 'Miss Isabella Orn', '7240 Kennith Ridges\nHilpertmouth, WV 36033', '202.328.9651', '2018-06-02 04:29:54'),
(14, 'Austin Rath', '25669 Hyatt Parks\nKirlinfurt, NJ 44592', '199.145.3145x47', '2018-06-02 04:29:54'),
(15, 'Ed Nader', '540 Bernhard Springs\nSouth Daxton, AL 41333', '+33(9)989831668', '2018-06-02 04:29:54'),
(16, 'Lizzie Gutmann', '48717 Jacobi Crescent Apt. 833\nNorth Cassandrehaven, AK 70597-6482', '1-719-749-9880', '2018-06-02 04:29:54'),
(17, 'Connor Haley III', '27110 Schroeder Row\nNew Emiliano, DE 59363-0271', '1-910-062-1897x', '2018-06-02 04:29:54'),
(18, 'Benjamin Rau', '77618 Okuneva Neck\nKrajcikland, NH 09830-7412', '113.236.2276x26', '2018-06-02 04:29:54'),
(19, 'Syble Stracke', '88230 Morissette Square Apt. 412\nDanielland, TX 27772', '(862)641-7067x4', '2018-06-02 04:29:54'),
(20, 'Mr. Sherwood Leffler', '8046 Tanya Vista Suite 426\nLandenville, NM 71273-7509', '459.029.4244', '2018-06-02 04:29:54'),
(21, 'Hasitha', 'Karapitiya, Galle', '0775399916', '2018-06-02 04:29:54'),
(22, 'Hasitha', 'Karapitiya, Galle', '0775399916', '2018-06-02 04:29:54'),
(23, 'Hasitha', 'Karapitiya, Galle', '0775399916', '2018-06-02 04:29:54'),
(24, 'Hasitha', 'Karapitiya, Galle', '0775399916', '2018-06-02 04:29:54'),
(25, 'Hasitha', 'Galle', '0775399916', '2018-06-02 04:29:54'),
(26, 'adimn', 'Moratuwa', '0775399916', '2018-06-12 03:21:36'),
(28, 'admin', 'Moratuwa', '0775399916', '2018-06-12 03:25:43'),
(30, 'Admin', 'University of Moratuwa, Katubedda, Moratuwa', '0775399916', '2018-06-12 03:30:25');

--
-- Indexes for dumped tables
--

--
-- Indexes for table `commands`
--
ALTER TABLE `commands`
  ADD PRIMARY KEY (`com_id`),
  ADD KEY `dev_id` (`dev_id`),
  ADD KEY `user_id` (`user_id`);

--
-- Indexes for table `data`
--
ALTER TABLE `data`
  ADD PRIMARY KEY (`dat_id`),
  ADD KEY `dev_id` (`dev_id`);

--
-- Indexes for table `devices`
--
ALTER TABLE `devices`
  ADD PRIMARY KEY (`dev_id`),
  ADD KEY `gh_id` (`gh_id`),
  ADD KEY `dt_id` (`dt_id`);

--
-- Indexes for table `device_type`
--
ALTER TABLE `device_type`
  ADD PRIMARY KEY (`dt_id`);

--
-- Indexes for table `greenhouse`
--
ALTER TABLE `greenhouse`
  ADD PRIMARY KEY (`gh_id`),
  ADD UNIQUE KEY `name` (`name`);

--
-- Indexes for table `users`
--
ALTER TABLE `users`
  ADD PRIMARY KEY (`email`),
  ADD UNIQUE KEY `email` (`email`),
  ADD KEY `user_id` (`user_id`);

--
-- Indexes for table `user_details`
--
ALTER TABLE `user_details`
  ADD PRIMARY KEY (`user_id`);

--
-- AUTO_INCREMENT for dumped tables
--

--
-- AUTO_INCREMENT for table `commands`
--
ALTER TABLE `commands`
  MODIFY `com_id` int(11) NOT NULL AUTO_INCREMENT, AUTO_INCREMENT=101;
--
-- AUTO_INCREMENT for table `data`
--
ALTER TABLE `data`
  MODIFY `dat_id` int(11) NOT NULL AUTO_INCREMENT, AUTO_INCREMENT=121;
--
-- AUTO_INCREMENT for table `devices`
--
ALTER TABLE `devices`
  MODIFY `dev_id` int(11) NOT NULL AUTO_INCREMENT, AUTO_INCREMENT=29;
--
-- AUTO_INCREMENT for table `device_type`
--
ALTER TABLE `device_type`
  MODIFY `dt_id` int(11) NOT NULL AUTO_INCREMENT, AUTO_INCREMENT=3;
--
-- AUTO_INCREMENT for table `greenhouse`
--
ALTER TABLE `greenhouse`
  MODIFY `gh_id` int(11) NOT NULL AUTO_INCREMENT, AUTO_INCREMENT=22;
--
-- AUTO_INCREMENT for table `users`
--
ALTER TABLE `users`
  MODIFY `user_id` int(11) NOT NULL AUTO_INCREMENT, AUTO_INCREMENT=31;
--
-- AUTO_INCREMENT for table `user_details`
--
ALTER TABLE `user_details`
  MODIFY `user_id` int(11) NOT NULL AUTO_INCREMENT, AUTO_INCREMENT=31;
--
-- Constraints for dumped tables
--

--
-- Constraints for table `commands`
--
ALTER TABLE `commands`
  ADD CONSTRAINT `fk_comm_dev_id` FOREIGN KEY (`dev_id`) REFERENCES `devices` (`dev_id`),
  ADD CONSTRAINT `fk_comm_user_id` FOREIGN KEY (`user_id`) REFERENCES `user_details` (`user_id`);

--
-- Constraints for table `data`
--
ALTER TABLE `data`
  ADD CONSTRAINT `fk_dev_id` FOREIGN KEY (`dev_id`) REFERENCES `devices` (`dev_id`);

--
-- Constraints for table `devices`
--
ALTER TABLE `devices`
  ADD CONSTRAINT `fk_dt_id` FOREIGN KEY (`dt_id`) REFERENCES `device_type` (`dt_id`),
  ADD CONSTRAINT `fk_gh_id` FOREIGN KEY (`gh_id`) REFERENCES `greenhouse` (`gh_id`);

--
-- Constraints for table `users`
--
ALTER TABLE `users`
  ADD CONSTRAINT `fk_user_id` FOREIGN KEY (`user_id`) REFERENCES `user_details` (`user_id`) ON DELETE CASCADE ON UPDATE CASCADE;

/*!40101 SET CHARACTER_SET_CLIENT=@OLD_CHARACTER_SET_CLIENT */;
/*!40101 SET CHARACTER_SET_RESULTS=@OLD_CHARACTER_SET_RESULTS */;
/*!40101 SET COLLATION_CONNECTION=@OLD_COLLATION_CONNECTION */;
